{"cameraMode":{"drawMode":0,"name":"Shaded","section":"Shading Mode"},"sceneLighting":true,"audioPlay":false,"sceneViewState":{"m_AlwaysRefresh":false,"showFog":true,"showSkybox":true,"showFlares":true,"showImageEffects":true,"showParticleSystems":true,"showVisualEffectGraphs":true,"m_FxEnabled":true},"in2DMode":false,"pivot":{"x":-0.029351945966482164,"y":13.887445449829102,"z":-3.4310247898101808},"rotation":{"x":0.05397218093276024,"y":-0.0074890065006911758,"z":0.00040481012547388673,"w":0.9985138773918152},"size":1.2315753698349,"orthographic":false}